133,myトレーニング,リメディアル教育,http://wenet.co.jp,町永 隆顕
134,TELES,リメディアル教育,http://wenet.co.jp,伊藤 明彦
135,ライフデザインナビ1 自己発見検査,学生理解・動機付け,http://wenet.co.jp,加藤 尚子
136,ライフデザインナビ1プラス　スクールライフアンケート,学生理解・動機付け,http://wenet.co.jp,加藤 尚子
137,ライフデザインナビ2　ビジネス適性診断,学生理解・動機付け,http://wenet.co.jp,加藤 尚子
138,ライフデザインナビ.web　自己発見検査,学生理解・動機付け,http://wenet.co.jp,加藤 尚子
139,ライフデザインナビ.web　ビジネス適性診断,学生理解・動機付け,http://wenet.co.jp,加藤 尚子
140,実践行動学,学生理解・動機付け,http://wenet.co.jp,高橋 智子
141,再就職をかなえる5つのマジックドア,学生理解・動機付け,http://wenet.co.jp,高橋 智子
142,動画で学ぶ　就活ナビ,就職指導,http://wenet.co.jp,長谷川 雅子
143,就職筆記試験対策問題集,就職指導,http://wenet.co.jp,三膳 真紀子
144,SUCCESS,就職指導,http://wenet.co.jp,長谷川 雅子
145,SUCCESS　講師用ガイドブック,就職指導,http://wenet.co.jp,長谷川 雅子
146,SUCCESS　PLAN,就職指導,http://wenet.co.jp,長谷川 雅子
147,面接対策&ビジネスマナー　テキスト,就職指導,http://wenet.co.jp,長谷川 雅子
148,面接対策&ビジネスマナー　DVD,就職指導,http://wenet.co.jp,長谷川 雅子
149,実践ビジネスマナー,就職指導,http://wenet.co.jp,三膳 真紀子
150,マナーハンドブック,就職指導,http://wenet.co.jp,三膳 真紀子
151,コミュニケーション技法,コミュニケーション,http://wenet.co.jp,高橋 智子
152,プレゼンテーション技法,コミュニケーション,http://wenet.co.jp,高橋 智子
153,理学療法士国家試験Webトレーニング,医療・福祉,http://wenet.co.jp,加藤 尚子
154,作業療法士国家試験Webトレーニング,医療・福祉,http://wenet.co.jp,加藤 尚子
155,医療・福祉系学生のための漢字100選,医療・福祉,http://wenet.co.jp,加藤 尚子
156,ケア・コミュニケーション,医療・福祉,http://wenet.co.jp,加藤 尚子
157,ケア・コミュニケーション　活用ガイドブック,医療・福祉,http://wenet.co.jp,加藤 尚子
158,医療事務スタッフのためのケア・コミュニケーション,医療・福祉,http://wenet.co.jp,加藤 尚子
159,医療事務スタッフのためのケア・コミュニケーション　活用ガイドブック,医療・福祉,http://wenet.co.jp,加藤 尚子
160,介護福祉スタッフのためのケア・コミュニケーション,医療・福祉,http://wenet.co.jp,加藤 尚子
161,介護福祉スタッフのためのケア・コミュニケーション　活用ガイドブック,医療・福祉,http://wenet.co.jp,加藤 尚子
162,歯科スタッフのためのケア・コミュニケーション,医療・福祉,http://wenet.co.jp,加藤 尚子
163,歯科スタッフのためのケア・コミュニケーション　活用ガイドブック,医療・福祉,http://wenet.co.jp,加藤 尚子
164,社会福祉士模擬試験,医療・福祉,http://wenet.co.jp,高橋 智子
165,医療事務スタッフのための現場で役立つ基礎用語,医療・福祉,http://wenet.co.jp,高橋 智子
166,ホテルテキスト宿泊Ⅰ　フロント・オフィス編,ホテル・ブライダル,http://wenet.co.jp,長谷川 雅子
167,ホテルテキスト宿泊Ⅱ　フロント・サービス編,ホテル・ブライダル,http://wenet.co.jp,長谷川 雅子
168,ホテルテキスト料飲Ⅰ　レストラン・宴会編,ホテル・ブライダル,http://wenet.co.jp,長谷川 雅子
169,ホテルテキスト料飲Ⅱ　バー・ラウンジ編,ホテル・ブライダル,http://wenet.co.jp,長谷川 雅子
170,ホテル業務関連知識,ホテル・ブライダル,http://wenet.co.jp,長谷川 雅子
171,基礎から学ぶ　ホテルの概論,ホテル・ブライダル,http://wenet.co.jp,長谷川 雅子
172,ブライダル実務テキスト,ホテル・ブライダル,http://wenet.co.jp,長谷川 雅子
173,留学生のための　動画で学ぶ　はじめての日本の生活,日本語教育,http://wenet.co.jp,高橋 智子
174,Word2013クイックマスター 基本編,Microsoft Office,http://wenet.co.jp,長谷川 雅子
175,Word2013クイックマスター 応用編,Microsoft Office,http://wenet.co.jp,長谷川 雅子
176,Word2013基礎学習テキスト,Microsoft Office,http://wenet.co.jp,長谷川 雅子
177,Excel2013クイックマスター 基本編,Microsoft Office,http://wenet.co.jp,加藤 尚子
178,Excel2013クイックマスター 応用編,Microsoft Office,http://wenet.co.jp,加藤 尚子
179,Excel2013基礎学習テキスト,Microsoft Office,http://wenet.co.jp,加藤 尚子
180,Access2013クイックマスター,Microsoft Office,http://wenet.co.jp,伊藤 明彦
181,PowerPoint2013クイックマスター,Microsoft Office,http://wenet.co.jp,三膳 真紀子
182,情報リテラシーパーフェクトブック2013,Microsoft Office,http://wenet.co.jp,三膳 真紀子
183,情報リテラシーパーフェクトブック課題集2013,Microsoft Office,http://wenet.co.jp,三膳 真紀子
184,Word2010クイックマスター 基本編,Microsoft Office,http://wenet.co.jp,長谷川 雅子
185,Word2010クイックマスター 応用編,Microsoft Office,http://wenet.co.jp,長谷川 雅子
186,Word2010基礎学習テキスト,Microsoft Office,http://wenet.co.jp,長谷川 雅子
187,Excel2010クイックマスター 基本編,Microsoft Office,http://wenet.co.jp,加藤 尚子
188,Excel2010クイックマスター 応用編,Microsoft Office,http://wenet.co.jp,加藤 尚子
189,Excel2010基礎学習テキスト,Microsoft Office,http://wenet.co.jp,加藤 尚子
190,Access2010クイックマスター,Microsoft Office,http://wenet.co.jp,伊藤 明彦
191,PowerPoint2010クイックマスター,Microsoft Office,http://wenet.co.jp,三膳 真紀子
192,情報リテラシーパーフェクトブック2010,Microsoft Office,http://wenet.co.jp,三膳 真紀子
193,情報リテラシーパーフェクトブック課題集2010,Microsoft Office,http://wenet.co.jp,三膳 真紀子
194,Word2007クイックマスター 基本編,Microsoft Office,http://wenet.co.jp,長谷川 雅子
195,Word2007クイックマスター 応用編,Microsoft Office,http://wenet.co.jp,長谷川 雅子
196,Word2007基礎学習テキスト,Microsoft Office,http://wenet.co.jp,長谷川 雅子
197,Excel2007クイックマスター 基本編,Microsoft Office,http://wenet.co.jp,加藤 尚子
198,Excel2007クイックマスター 応用編,Microsoft Office,http://wenet.co.jp,加藤 尚子
199,Excel2007基礎学習テキスト,Microsoft Office,http://wenet.co.jp,加藤 尚子
200,Access2007クイックマスター,Microsoft Office,http://wenet.co.jp,伊藤 明彦
201,PowerPoint2007クイックマスター,Microsoft Office,http://wenet.co.jp,三膳 真紀子
202,Word2007ドリル式問題集,Microsoft Office,http://wenet.co.jp,長谷川 雅子
203,Access2007ドリル式問題集,Microsoft Office,http://wenet.co.jp,伊藤 明彦
204,Photoshopクイックマスター　CS5/CS6,グラフィックデザイン,http://wenet.co.jp,町永 隆顕
205,Illustratorクイックマスター　CS5/CS6,グラフィックデザイン,http://wenet.co.jp,町永 隆顕
206,Illustrator&Photoshopデザインエクササイズ,グラフィックデザイン,http://wenet.co.jp,町永 隆顕
207,Photoshopクイックマスター　CS/CS2/CS3/CS4,グラフィックデザイン,http://wenet.co.jp,町永 隆顕
208,Illustratorクイックマスター　CS/CS2/CS3/CS4,グラフィックデザイン,http://wenet.co.jp,町永 隆顕
209,色彩計画,グラフィックデザイン,http://wenet.co.jp,町永 隆顕
210,HTML+CSSクイックマスター　HTML5対応,Web・ネットワーク,http://wenet.co.jp,町永 隆顕
211,HTML+CSSクイックマスター,Web・ネットワーク,http://wenet.co.jp,町永 隆顕
212,Webクリエイターのためのベーシックデザイン　HTML5対応,Web・ネットワーク,http://wenet.co.jp,町永 隆顕
213,Webクリエイターのためのベーシックデザイン,Web・ネットワーク,http://wenet.co.jp,町永 隆顕
214,Step by Step JavaScript,Web・ネットワーク,http://wenet.co.jp,町永 隆顕
215,基礎から学ぶ　ネットワークテキスト,Web・ネットワーク,http://wenet.co.jp,町永 隆顕
216,ウェブデザイン技能検定　2級ガイドブック,Web・ネットワーク,http://wenet.co.jp,町永 隆顕
217,ウェブデザイン技能検定　3級ガイドブック,Web・ネットワーク,http://wenet.co.jp,町永 隆顕
218,ウェブデザイン技能検定　3級対策問題集,Web・ネットワーク,http://wenet.co.jp,町永 隆顕
219,基本情報技術者試験　午前対策Webトレーニング,情報処理技術者試験,http://wenet.co.jp,小林 要一郎
220,基本情報技術者模擬試験,情報処理技術者試験,http://wenet.co.jp,
221,コンピュータ概論,情報処理技術者試験,http://wenet.co.jp,小林 要一郎
222,システム開発と情報化,情報処理技術者試験,http://wenet.co.jp,小林 要一郎
223,アルゴリズムとデータ構造,情報処理技術者試験,http://wenet.co.jp,遠藤 浩一
224,アルゴリズムファイル処理編,情報処理技術者試験,http://wenet.co.jp,遠藤 浩一
225,Cプログラミング,情報処理技術者試験,http://wenet.co.jp,遠藤 浩一
226,C言語演習問題集,情報処理技術者試験,http://wenet.co.jp,遠藤 浩一
227,C言語実習問題集,情報処理技術者試験,http://wenet.co.jp,遠藤 浩一
228,Javaプログラミング,情報処理技術者試験,http://wenet.co.jp,遠藤 浩一
229,Java言語実習問題集,情報処理技術者試験,http://wenet.co.jp,遠藤 浩一
230,基本情報・午前総まとめ,情報処理技術者試験,http://wenet.co.jp,小林 要一郎
231,基本情報午後対策演習問題集,情報処理技術者試験,http://wenet.co.jp,遠藤 浩一
232,ITパスポートテキスト,情報処理技術者試験,http://wenet.co.jp,小林 要一郎
233,ITパスポートWebトレーニング,情報処理技術者試験,http://wenet.co.jp,小林 要一郎
234,ITパスポート模擬試験　CBT版,情報処理技術者試験,http://wenet.co.jp,小林 要一郎
235,販売士検定3級ワークブック①　小売業の類型,販売士検定試験,http://wenet.co.jp,三膳 真紀子
236,販売士検定3級ワークブック②　マーチャンダイジング/ストアオペレーション,販売士検定試験,http://wenet.co.jp,三膳 真紀子
237,販売士検定3級ワークブック③　マーケティング/販売・経営管理,販売士検定試験,http://wenet.co.jp,三膳 真紀子
238,秘書検定3級問題集　理論編,秘書技能検定,http://wenet.co.jp,高橋 智子
239,秘書検定3級問題集　実技編,秘書技能検定,http://wenet.co.jp,高橋 智子
240,秘書検定2級問題集　理論編,秘書技能検定,http://wenet.co.jp,高橋 智子
241,秘書検定2級問題集　実技編,秘書技能検定,http://wenet.co.jp,高橋 智子
242,秘書検定1級・準1級問題集　理論編,秘書技能検定,http://wenet.co.jp,高橋 智子
243,秘書検定1級・準1級問題集　実技編,秘書技能検定,http://wenet.co.jp,高橋 智子
244,秘書ハンドブック,秘書技能検定,http://wenet.co.jp,高橋 智子
245,一般知識(上)　講義編,公務員試験,http://wenet.co.jp,長谷川 雅子
246,一般知識(下)　講義編,公務員試験,http://wenet.co.jp,長谷川 雅子
247,一般知能　講義編,公務員試験,http://wenet.co.jp,長谷川 雅子
248,一般知識(上)　解説編,公務員試験,http://wenet.co.jp,長谷川 雅子
249,一般知識(下)　解説編,公務員試験,http://wenet.co.jp,長谷川 雅子
250,一般知識(上)　ワークブック,公務員試験,http://wenet.co.jp,長谷川 雅子
251,一般知識(下)　ワークブック,公務員試験,http://wenet.co.jp,長谷川 雅子
252,一般知能　ワークブック,公務員試験,http://wenet.co.jp,長谷川 雅子
253,適性検査演習問題,公務員試験,http://wenet.co.jp,長谷川 雅子
254,校内模擬試験,公務員試験,http://wenet.co.jp,長谷川 雅子
255,統一模擬試験,公務員試験,http://wenet.co.jp,長谷川 雅子
256,公開模擬試験,公務員試験,http://wenet.co.jp,長谷川 雅子
257,直前対策模擬試験　起訴能力(教養)試験,公務員試験,http://wenet.co.jp,長谷川 雅子
258,直前対策模擬試験　適性検査,公務員試験,http://wenet.co.jp,長谷川 雅子
259,公務員試験Webトレーニング,公務員試験,http://wenet.co.jp,長谷川 雅子
260,美容師国家試験Webトレーニング,理容師美容師国家試験,http://wenet.co.jp,加藤 尚子
261,理容師国家試験Webトレーニング,理容師美容師国家試験,http://wenet.co.jp,加藤 尚子
262,美容師のための接客・接遇マナー,理容師美容師国家試験,http://wenet.co.jp,三膳 真紀子
263,ビジネス著作権検定　BASIC初級公式テキスト,その他,http://wenet.co.jp,高橋 智子
264,ビジネス会計ゲーム,その他,http://wenet.co.jp,伊藤 明彦
